{
  "version": 1,
  "author": "AnonEngineering",
  "editor": "wokwi",
  "parts": [
    { "type": "wokwi-breadboard", "id": "bb1", "top": -473.4, "left": -477.2, "attrs": {} },
    { "type": "wokwi-arduino-uno", "id": "uno", "top": -124.2, "left": -355.8, "attrs": {} },
    {
      "type": "wokwi-ntc-temperature-sensor",
      "id": "ntc1",
      "top": -458.7,
      "left": 28.3,
      "rotate": 90,
      "attrs": {}
    },
    {
      "type": "wokwi-photoresistor-sensor",
      "id": "ldr1",
      "top": -461.1,
      "left": -101.5,
      "rotate": 90,
      "attrs": {}
    },
    {
      "type": "wokwi-led",
      "id": "led1",
      "top": -435.6,
      "left": -255.4,
      "attrs": { "color": "red" }
    },
    {
      "type": "wokwi-buzzer",
      "id": "bz1",
      "top": -487.2,
      "left": -161.4,
      "attrs": { "volume": "0.1" }
    },
    {
      "type": "wokwi-led-bar-graph",
      "id": "bargraph1",
      "top": -417.4,
      "left": -379,
      "rotate": 270,
      "attrs": { "color": "lime" }
    },
    {
      "type": "wokwi-lcd1602",
      "id": "lcd1",
      "top": -627.2,
      "left": -474.4,
      "attrs": { "pins": "i2c" }
    },
    {
      "type": "wokwi-resistor",
      "id": "r1",
      "top": -427.2,
      "left": -432.55,
      "rotate": 90,
      "attrs": { "value": "330" }
    },
    {
      "type": "wokwi-resistor",
      "id": "r2",
      "top": -427.2,
      "left": -422.95,
      "rotate": 90,
      "attrs": { "value": "330" }
    },
    {
      "type": "wokwi-resistor",
      "id": "r3",
      "top": -427.2,
      "left": -413.35,
      "rotate": 90,
      "attrs": { "value": "330" }
    },
    {
      "type": "wokwi-resistor",
      "id": "r4",
      "top": -427.2,
      "left": -403.75,
      "rotate": 90,
      "attrs": { "value": "330" }
    },
    {
      "type": "wokwi-resistor",
      "id": "r5",
      "top": -427.2,
      "left": -394.15,
      "rotate": 90,
      "attrs": { "value": "330" }
    },
    {
      "type": "wokwi-resistor",
      "id": "r6",
      "top": -427.2,
      "left": -384.55,
      "rotate": 90,
      "attrs": { "value": "330" }
    },
    {
      "type": "wokwi-resistor",
      "id": "r7",
      "top": -427.2,
      "left": -374.95,
      "rotate": 90,
      "attrs": { "value": "330" }
    },
    {
      "type": "wokwi-resistor",
      "id": "r8",
      "top": -427.2,
      "left": -365.35,
      "rotate": 90,
      "attrs": { "value": "330" }
    },
    {
      "type": "wokwi-resistor",
      "id": "r9",
      "top": -427.2,
      "left": -355.75,
      "rotate": 90,
      "attrs": { "value": "330" }
    },
    {
      "type": "wokwi-resistor",
      "id": "r10",
      "top": -427.2,
      "left": -346.15,
      "rotate": 90,
      "attrs": { "value": "330" }
    },
    {
      "type": "wokwi-resistor",
      "id": "r11",
      "top": -360,
      "left": -259.75,
      "rotate": 90,
      "attrs": { "value": "330" }
    },
    {
      "type": "wokwi-resistor",
      "id": "r12",
      "top": -369.6,
      "left": -154.15,
      "rotate": 90,
      "attrs": { "value": "100" }
    }
  ],
  "connections": [
    [ "uno:13", "bb1:6b.j", "green", [ "v-28.8", "h-172.4", "v-9.6" ] ],
    [ "uno:12", "bb1:7b.j", "green", [ "v-38.4", "h-172.3" ] ],
    [ "uno:11", "bb1:8b.j", "green", [ "v-48", "h-172.2" ] ],
    [ "uno:10", "bb1:9b.j", "green", [ "v-57.6", "h-172.1" ] ],
    [ "uno:9", "bb1:10b.j", "green", [ "v-67.2", "h-172" ] ],
    [ "uno:8", "bb1:11b.j", "green", [ "v-76.8", "h-172.4" ] ],
    [ "uno:7", "bb1:12b.j", "green", [ "v-86.4", "h-178.8", "v-9.6" ] ],
    [ "uno:6", "bb1:13b.j", "green", [ "v-96", "h-178.7" ] ],
    [ "uno:5", "bb1:14b.j", "green", [ "v-105.6", "h-178.6" ] ],
    [ "uno:4", "bb1:15b.j", "green", [ "v-115.2", "h-178.5" ] ],
    [ "uno:2", "bb1:35b.j", "green", [ "v0" ] ],
    [ "uno:A0", "bb1:57b.j", "purple", [ "v67.1", "h234.2", "v-451.2" ] ],
    [ "uno:A1", "bb1:45b.j", "purple", [ "v57.5", "h128.7" ] ],
    [ "uno:A5", "lcd1:SCL", "orange", [ "v47.9", "h-437.3", "v-681.9" ] ],
    [ "uno:A4", "lcd1:SDA", "green", [ "v38.3", "h-437.4", "v-681.8" ] ],
    [ "r3:1", "bb1:tn.3", "black", [ "h0", "v-19.2", "h-28.8" ] ],
    [ "r9:1", "bb1:tn.12", "black", [ "h0", "v-19.2", "h19.2" ] ],
    [ "bb1:bn.2", "bb1:tn.2", "black", [ "v0" ] ],
    [ "bb1:23t.e", "bb1:bn.18", "black", [ "v0" ] ],
    [ "uno:3", "bb1:24b.j", "green", [ "v-124.8", "h-101.6", "v-9.6" ] ],
    [ "bb1:48b.j", "bb1:bp.39", "red", [ "v0" ] ],
    [ "bb1:47b.j", "bb1:bn.38", "black", [ "v0" ] ],
    [ "bb1:58b.j", "bb1:bp.47", "red", [ "v0" ] ],
    [ "bb1:59b.j", "bb1:bn.48", "black", [ "v0" ] ],
    [ "uno:5V", "bb1:bp.1", "red", [ "v57.5", "h-322.6", "v-411.9" ] ],
    [ "uno:GND.2", "bb1:bn.1", "black", [ "v67.1", "h-322.5", "v-412.8", "h77.6" ] ],
    [ "bb1:34t.e", "bb1:bn.27", "black", [ "v0" ] ],
    [ "bb1:bp.1", "lcd1:VCC", "red", [ "v-0.9", "h-87.2", "v-297.6" ] ],
    [ "bb1:bn.1", "lcd1:GND", "black", [ "v-1.3", "h-77.6", "v-316.8" ] ],
    [ "led1:A", "bb1:24t.d", "", [ "$bb" ] ],
    [ "led1:C", "bb1:23t.d", "", [ "$bb" ] ],
    [ "bargraph1:A1", "bb1:6b.f", "", [ "$bb" ] ],
    [ "bargraph1:A2", "bb1:7b.f", "", [ "$bb" ] ],
    [ "bargraph1:A3", "bb1:8b.f", "", [ "$bb" ] ],
    [ "bargraph1:A4", "bb1:9b.f", "", [ "$bb" ] ],
    [ "bargraph1:A5", "bb1:10b.f", "", [ "$bb" ] ],
    [ "bargraph1:A6", "bb1:11b.f", "", [ "$bb" ] ],
    [ "bargraph1:A7", "bb1:12b.f", "", [ "$bb" ] ],
    [ "bargraph1:A8", "bb1:13b.f", "", [ "$bb" ] ],
    [ "bargraph1:A9", "bb1:14b.f", "", [ "$bb" ] ],
    [ "bargraph1:A10", "bb1:15b.f", "", [ "$bb" ] ],
    [ "bargraph1:C1", "bb1:6t.e", "", [ "$bb" ] ],
    [ "bargraph1:C2", "bb1:7t.e", "", [ "$bb" ] ],
    [ "bargraph1:C3", "bb1:8t.e", "", [ "$bb" ] ],
    [ "bargraph1:C4", "bb1:9t.e", "", [ "$bb" ] ],
    [ "bargraph1:C5", "bb1:10t.e", "", [ "$bb" ] ],
    [ "bargraph1:C6", "bb1:11t.e", "", [ "$bb" ] ],
    [ "bargraph1:C7", "bb1:12t.e", "", [ "$bb" ] ],
    [ "bargraph1:C8", "bb1:13t.e", "", [ "$bb" ] ],
    [ "bargraph1:C9", "bb1:14t.e", "", [ "$bb" ] ],
    [ "bargraph1:C10", "bb1:15t.e", "", [ "$bb" ] ],
    [ "r1:1", "bb1:tn.4", "", [ "$bb" ] ],
    [ "r1:2", "bb1:6t.d", "", [ "$bb" ] ],
    [ "r2:1", "bb1:tn.5", "", [ "$bb" ] ],
    [ "r2:2", "bb1:7t.d", "", [ "$bb" ] ],
    [ "r3:2", "bb1:8t.d", "", [ "$bb" ] ],
    [ "r4:1", "bb1:tn.6", "", [ "$bb" ] ],
    [ "r4:2", "bb1:9t.d", "", [ "$bb" ] ],
    [ "r5:1", "bb1:tn.7", "", [ "$bb" ] ],
    [ "r5:2", "bb1:10t.d", "", [ "$bb" ] ],
    [ "r6:1", "bb1:tn.8", "", [ "$bb" ] ],
    [ "r6:2", "bb1:11t.d", "", [ "$bb" ] ],
    [ "r7:1", "bb1:tn.9", "", [ "$bb" ] ],
    [ "r7:2", "bb1:12t.d", "", [ "$bb" ] ],
    [ "r8:1", "bb1:tn.10", "", [ "$bb" ] ],
    [ "r8:2", "bb1:13t.d", "", [ "$bb" ] ],
    [ "r9:2", "bb1:14t.d", "", [ "$bb" ] ],
    [ "r10:1", "bb1:tn.11", "", [ "$bb" ] ],
    [ "r10:2", "bb1:15t.d", "", [ "$bb" ] ],
    [ "r11:1", "bb1:24t.e", "", [ "$bb" ] ],
    [ "r11:2", "bb1:24b.i", "", [ "$bb" ] ],
    [ "r12:1", "bb1:35t.d", "", [ "$bb" ] ],
    [ "r12:2", "bb1:35b.h", "", [ "$bb" ] ],
    [ "bz1:1", "bb1:34t.c", "", [ "$bb" ] ],
    [ "bz1:2", "bb1:35t.c", "", [ "$bb" ] ],
    [ "ldr1:VCC", "bb1:48b.g", "", [ "$bb" ] ],
    [ "ldr1:GND", "bb1:47b.g", "", [ "$bb" ] ],
    [ "ldr1:DO", "bb1:46b.g", "", [ "$bb" ] ],
    [ "ldr1:AO", "bb1:45b.g", "", [ "$bb" ] ],
    [ "ntc1:GND", "bb1:59b.f", "", [ "$bb" ] ],
    [ "ntc1:VCC", "bb1:58b.f", "", [ "$bb" ] ],
    [ "ntc1:OUT", "bb1:57b.f", "", [ "$bb" ] ]
  ],
  "dependencies": {}
}